{
    "name": "root",
    "gauges": {
        "Worm.Policy.Entropy.mean": {
            "value": 1.4397927522659302,
            "min": 1.4397927522659302,
            "max": 1.442514181137085,
            "count": 69
        },
        "Worm.Policy.Entropy.sum": {
            "value": 1468.588623046875,
            "min": 1112.178466796875,
            "max": 1522.6343994140625,
            "count": 69
        },
        "Worm.Step.mean": {
            "value": 7025969.0,
            "min": 6957982.0,
            "max": 7025969.0,
            "count": 69
        },
        "Worm.Step.sum": {
            "value": 7025969.0,
            "min": 6957982.0,
            "max": 7025969.0,
            "count": 69
        },
        "Worm.Policy.ExtrinsicValueEstimate.mean": {
            "value": -2.6849524974823,
            "min": -11.246240615844727,
            "max": -2.320859432220459,
            "count": 69
        },
        "Worm.Policy.ExtrinsicValueEstimate.sum": {
            "value": -45.64419174194336,
            "min": -179.93984985351562,
            "max": -39.34872055053711,
            "count": 69
        },
        "Worm.Environment.EpisodeLength.mean": {
            "value": 445.0,
            "min": 143.8,
            "max": 999.0,
            "count": 69
        },
        "Worm.Environment.EpisodeLength.sum": {
            "value": 890.0,
            "min": 426.0,
            "max": 1669.0,
            "count": 69
        },
        "Worm.Environment.CumulativeReward.mean": {
            "value": -2.4569321274757385,
            "min": -4.128680050373077,
            "max": 5.898689955472946,
            "count": 69
        },
        "Worm.Environment.CumulativeReward.sum": {
            "value": -4.913864254951477,
            "min": -20.643400251865387,
            "max": 5.898689955472946,
            "count": 69
        },
        "Worm.Policy.ExtrinsicReward.mean": {
            "value": -2.4569321274757385,
            "min": -4.128680050373077,
            "max": 5.898689955472946,
            "count": 69
        },
        "Worm.Policy.ExtrinsicReward.sum": {
            "value": -4.913864254951477,
            "min": -20.643400251865387,
            "max": 5.898689955472946,
            "count": 69
        },
        "Worm.IsTraining.mean": {
            "value": 1.0,
            "min": 1.0,
            "max": 1.0,
            "count": 69
        },
        "Worm.IsTraining.sum": {
            "value": 1.0,
            "min": 1.0,
            "max": 1.0,
            "count": 69
        },
        "Crawler.Policy.Entropy.mean": {
            "value": 1.3562449216842651,
            "min": 1.3533579111099243,
            "max": 1.3562449216842651,
            "count": 68
        },
        "Crawler.Policy.Entropy.sum": {
            "value": 1411.8509521484375,
            "min": 1216.688720703125,
            "max": 1433.2060546875,
            "count": 68
        },
        "Crawler.Step.mean": {
            "value": 1000987.0,
            "min": 933994.0,
            "max": 1000987.0,
            "count": 68
        },
        "Crawler.Step.sum": {
            "value": 1000987.0,
            "min": 933994.0,
            "max": 1000987.0,
            "count": 68
        },
        "Crawler.Policy.ExtrinsicValueEstimate.mean": {
            "value": 23.92025375366211,
            "min": 18.569475173950195,
            "max": 54.97914123535156,
            "count": 68
        },
        "Crawler.Policy.ExtrinsicValueEstimate.sum": {
            "value": 430.5645751953125,
            "min": 297.1116027832031,
            "max": 934.6453857421875,
            "count": 68
        },
        "Crawler.Environment.EpisodeLength.mean": {
            "value": 346.0,
            "min": 170.8,
            "max": 999.0,
            "count": 68
        },
        "Crawler.Environment.EpisodeLength.sum": {
            "value": 1038.0,
            "min": 510.0,
            "max": 1560.0,
            "count": 68
        },
        "Crawler.Self-play.ELO.mean": {
            "value": 1202.3319526481284,
            "min": 1202.222505942155,
            "max": 1202.3319526481284,
            "count": 57
        },
        "Crawler.Self-play.ELO.sum": {
            "value": 3606.9958579443855,
            "min": 1202.222505942155,
            "max": 6011.516825532408,
            "count": 57
        },
        "Crawler.Environment.CumulativeReward.mean": {
            "value": 53.84394525488218,
            "min": 0.3865567147731781,
            "max": 54.32018945366144,
            "count": 68
        },
        "Crawler.Environment.CumulativeReward.sum": {
            "value": 161.53183576464653,
            "min": 0.3865567147731781,
            "max": 271.45381177961826,
            "count": 68
        },
        "Crawler.Policy.ExtrinsicReward.mean": {
            "value": 53.84394525488218,
            "min": 0.3865567147731781,
            "max": 54.32018945366144,
            "count": 68
        },
        "Crawler.Policy.ExtrinsicReward.sum": {
            "value": 161.53183576464653,
            "min": 0.3865567147731781,
            "max": 271.45381177961826,
            "count": 68
        },
        "Crawler.IsTraining.mean": {
            "value": 1.0,
            "min": 1.0,
            "max": 1.0,
            "count": 68
        },
        "Crawler.IsTraining.sum": {
            "value": 1.0,
            "min": 1.0,
            "max": 1.0,
            "count": 68
        },
        "Worm.Losses.PolicyLoss.mean": {
            "value": 0.02709786204310755,
            "min": 0.020234178396640344,
            "max": 0.02709786204310755,
            "count": 6
        },
        "Worm.Losses.PolicyLoss.sum": {
            "value": 0.02709786204310755,
            "min": 0.020234178396640344,
            "max": 0.02709786204310755,
            "count": 6
        },
        "Worm.Losses.ValueLoss.mean": {
            "value": 0.6254369219144186,
            "min": 0.6254369219144186,
            "max": 3.1161550362904866,
            "count": 6
        },
        "Worm.Losses.ValueLoss.sum": {
            "value": 0.6254369219144186,
            "min": 0.6254369219144186,
            "max": 3.1161550362904866,
            "count": 6
        },
        "Worm.Policy.LearningRate.mean": {
            "value": 8.943211018931997e-05,
            "min": 8.943211018931997e-05,
            "max": 9.097287967573003e-05,
            "count": 6
        },
        "Worm.Policy.LearningRate.sum": {
            "value": 8.943211018931997e-05,
            "min": 8.943211018931997e-05,
            "max": 9.097287967573003e-05,
            "count": 6
        },
        "Worm.Policy.Epsilon.mean": {
            "value": 0.12981067999999998,
            "min": 0.12981067999999998,
            "max": 0.13032427000000002,
            "count": 6
        },
        "Worm.Policy.Epsilon.sum": {
            "value": 0.12981067999999998,
            "min": 0.12981067999999998,
            "max": 0.13032427000000002,
            "count": 6
        },
        "Worm.Policy.Beta.mean": {
            "value": 0.0014975529319999996,
            "min": 0.0014975529319999996,
            "max": 0.0015231810730000001,
            "count": 6
        },
        "Worm.Policy.Beta.sum": {
            "value": 0.0014975529319999996,
            "min": 0.0014975529319999996,
            "max": 0.0015231810730000001,
            "count": 6
        },
        "Crawler.Losses.PolicyLoss.mean": {
            "value": 0.023579874258333196,
            "min": 0.022115383530035615,
            "max": 0.027896764684313288,
            "count": 6
        },
        "Crawler.Losses.PolicyLoss.sum": {
            "value": 0.023579874258333196,
            "min": 0.022115383530035615,
            "max": 0.027896764684313288,
            "count": 6
        },
        "Crawler.Losses.ValueLoss.mean": {
            "value": 8.194186703364055,
            "min": 8.194186703364055,