{
    "name": "root",
    "gauges": {
        "Crawler.Policy.Entropy.mean": {
            "value": 1.3504427671432495,
            "min": 1.3483116626739502,
            "max": 1.4371016025543213,
            "count": 2575
        },
        "Crawler.Policy.Entropy.sum": {
            "value": 1313.9808349609375,
            "min": 1272.042236328125,
            "max": 1518.8167724609375,
            "count": 2575
        },
        "Crawler.Environment.EpisodeLength.mean": {
            "value": 466.25,
            "min": 4.803468208092486,
            "max": 999.0,
            "count": 2572
        },
        "Crawler.Environment.EpisodeLength.sum": {
            "value": 1865.0,
            "min": 5.0,
            "max": 2005.0,
            "count": 2572
        },
        "Crawler.Step.mean": {
            "value": 2574942.0,
            "min": 993.0,
            "max": 2574942.0,
            "count": 2575
        },
        "Crawler.Step.sum": {
            "value": 2574942.0,
            "min": 993.0,
            "max": 2574942.0,
            "count": 2575
        },
        "Crawler.Policy.ExtrinsicValueEstimate.mean": {
            "value": 203.83184814453125,
            "min": -301.83917236328125,
            "max": 304.2807922363281,
            "count": 2575
        },
        "Crawler.Policy.ExtrinsicValueEstimate.sum": {
            "value": 3668.97314453125,
            "min": -4829.4267578125,
            "max": 4872.08349609375,
            "count": 2575
        },
        "Crawler.Environment.CumulativeReward.mean": {
            "value": 1387.0573091357946,
            "min": -0.9958170962756907,
            "max": 3631.2592163085938,
            "count": 2575
        },
        "Crawler.Environment.CumulativeReward.sum": {
            "value": 5548.229236543179,
            "min": -172.10188460350037,
            "max": 5548.229236543179,
            "count": 2575
        },
        "Crawler.Policy.ExtrinsicReward.mean": {
            "value": 1387.0573091357946,
            "min": -0.9958170962756907,
            "max": 3631.2592163085938,
            "count": 2575
        },
        "Crawler.Policy.ExtrinsicReward.sum": {
            "value": 5548.229236543179,
            "min": -172.10188460350037,
            "max": 5548.229236543179,
            "count": 2575
        },
        "Crawler.IsTraining.mean": {
            "value": 1.0,
            "min": 1.0,
            "max": 1.0,
            "count": 2575
        },
        "Crawler.IsTraining.sum": {
            "value": 1.0,
            "min": 1.0,
            "max": 1.0,
            "count": 2575
        },
        "Worm.Policy.Entropy.mean": {
            "value": 1.8885859251022339,
            "min": 1.4189382791519165,
            "max": 1.8885859251022339,
            "count": 2575
        },
        "Worm.Policy.Entropy.sum": {
            "value": 1869.7000732421875,
            "min": 1341.24169921875,
            "max": 1964.4796142578125,
            "count": 2575
        },
        "Worm.Step.mean": {
            "value": 2574956.0,
            "min": 960.0,
            "max": 2574956.0,
            "count": 2575
        },
        "Worm.Step.sum": {
            "value": 2574956.0,
            "min": 960.0,
            "max": 2574956.0,
            "count": 2575
        },
        "Worm.Policy.ExtrinsicValueEstimate.mean": {
            "value": 3.7047600746154785,
            "min": -17.89284896850586,
            "max": 98.12074279785156,
            "count": 2575
        },
        "Worm.Policy.ExtrinsicValueEstimate.sum": {
            "value": 59.276161193847656,
            "min": -286.28558349609375,
            "max": 1584.6207275390625,
            "count": 2575
        },
        "Worm.Environment.EpisodeLength.mean": {
            "value": 558.0,
            "min": 19.0,
            "max": 999.0,
            "count": 2565
        },
        "Worm.Environment.EpisodeLength.sum": {
            "value": 1116.0,
            "min": 19.0,
            "max": 1987.0,
            "count": 2565
        },
        "Worm.IsTraining.mean": {
            "value": 1.0,
            "min": 1.0,
            "max": 1.0,
            "count": 2575
        },
        "Worm.IsTraining.sum": {
            "value": 1.0,
            "min": 1.0,
            "max": 1.0,
            "count": 2575
        },
        "Worm.Environment.CumulativeReward.mean": {
            "value": 27.103219881653786,
            "min": 0.0,
            "max": 68.3067033290863,
            "count": 2574
        },
        "Worm.Environment.CumulativeReward.sum": {
            "value": 54.20643976330757,
            "min": 0.0,
            "max": 172.90171012282372,
            "count": 2574
        },
        "Worm.Policy.ExtrinsicReward.mean": {
            "value": 27.103219881653786,
            "min": 0.0,
            "max": 68.3067033290863,
            "count": 2574
        },
        "Worm.Policy.ExtrinsicReward.sum": {
            "value": 54.20643976330757,
            "min": 0.0,
            "max": 172.90171012282372,
            "count": 2574
        },
        "Crawler.Losses.PolicyLoss.mean": {
            "value": 0.028669751674169675,
            "min": 0.013614564951664458,
            "max": 0.1081705511858066,
            "count": 250
        },
        "Crawler.Losses.PolicyLoss.sum": {
            "value": 0.028669751674169675,
            "min": 0.013614564951664458,
            "max": 0.1081705511858066,
            "count": 250
        },
        "Crawler.Losses.ValueLoss.mean": {
            "value": 352.2230244954427,
            "min": 0.030591044947504996,
            "max": 7137.677945963542,
            "count": 250
        },
        "Crawler.Losses.ValueLoss.sum": {
            "value": 352.2230244954427,
            "min": 0.030591044947504996,
            "max": 7137.677945963542,
            "count": 250
        },
        "Crawler.Policy.LearningRate.mean": {
            "value": 0.00029229540856819797,
            "min": 0.00029229540856819797,
            "max": 0.0002999692680102439,
            "count": 250
        },
        "Crawler.Policy.LearningRate.sum": {
            "value": 0.00029229540856819797,
            "min": 0.00029229540856819797,
            "max": 0.0002999692680102439,
            "count": 250
        },
        "Crawler.Policy.Epsilon.mean": {
            "value": 0.19743180199999996,
            "min": 0.19743180199999996,
            "max": 0.199989756,
            "count": 250
        },
        "Crawler.Policy.Epsilon.sum": {
            "value": 0.19743180199999996,
            "min": 0.19743180199999996,
            "max": 0.199989756,
            "count": 250
        },
        "Crawler.Policy.Beta.mean": {
            "value": 0.0048718469198,
            "min": 0.0048718469198,
            "max": 0.004999488824399999,
            "count": 250
        },
        "Crawler.Policy.Beta.sum": {
            "value": 0.0048718469198,
            "min": 0.0048718469198,
            "max": 0.004999488824399999,
            "count": 250
        },
        "Worm.Losses.PolicyLoss.mean": {
            "value": 0.02277741986778589,
            "min": 0.010699927213136107,
            "max": 0.1666545749641955,
            "count": 250
        },
        "Worm.Losses.PolicyLoss.sum": {
            "value": 0.02277741986778589,
            "min": 0.010699927213136107,
            "max": 0.1666545749641955,
            "count": 250
        },
        "Worm.Losses.ValueLoss.mean": {
            "value": 1.9649245937665303,
            "min": 0.8574188371499379,
            "max": 3548.398373222351,
            "count": 250
        },
        "Worm.Losses.ValueLoss.sum": {
            "value": 1.9649245937665303,
            "min": 0.8574188371499379,
            "max": 3548.398373222351,
            "count": 250
        },
        "Worm.Policy.LearningRate.mean": {
            "value": 0.0002922970675676449,