{
    "name": "root",
    "gauges": {
        "Worm.Policy.Entropy.mean": {
            "value": 1.4187471866607666,
            "min": 1.4187471866607666,
            "max": 1.4189382791519165,
            "count": 14
        },
        "Worm.Policy.Entropy.sum": {
            "value": 1418.7471923828125,
            "min": 1418.7471923828125,
            "max": 1418.938232421875,
            "count": 14
        },
        "Worm.Step.mean": {
            "value": 13960.0,
            "min": 960.0,
            "max": 13960.0,
            "count": 14
        },
        "Worm.Step.sum": {
            "value": 13960.0,
            "min": 960.0,
            "max": 13960.0,
            "count": 14
        },
        "Worm.Policy.ExtrinsicValueEstimate.mean": {
            "value": 0.08348669111728668,
            "min": -0.09074942767620087,
            "max": 0.08348669111728668,
            "count": 14
        },
        "Worm.Policy.ExtrinsicValueEstimate.sum": {
            "value": 1.335787057876587,
            "min": -1.4519908428192139,
            "max": 1.335787057876587,
            "count": 14
        },
        "Worm.Environment.EpisodeLength.mean": {
            "value": 999.0,
            "min": 999.0,
            "max": 999.0,
            "count": 14
        },
        "Worm.Environment.EpisodeLength.sum": {
            "value": 999.0,
            "min": 999.0,
            "max": 999.0,
            "count": 14
        },
        "Worm.IsTraining.mean": {
            "value": 1.0,
            "min": 1.0,
            "max": 1.0,
            "count": 14
        },
        "Worm.IsTraining.sum": {
            "value": 1.0,
            "min": 1.0,
            "max": 1.0,
            "count": 14
        },
        "Crawler.Policy.Entropy.mean": {
            "value": 1.4202659130096436,
            "min": 1.4189382791519165,
            "max": 1.420266032218933,
            "count": 14
        },
        "Crawler.Policy.Entropy.sum": {
            "value": 1420.265869140625,
            "min": 1413.1646728515625,
            "max": 1424.614013671875,
            "count": 14
        },
        "Crawler.Environment.EpisodeLength.mean": {
            "value": 4.847953216374269,
            "min": 4.757225433526012,
            "max": 4.8882352941176475,
            "count": 14
        },
        "Crawler.Environment.EpisodeLength.sum": {
            "value": 829.0,
            "min": 823.0,
            "max": 832.0,
            "count": 14
        },
        "Crawler.Step.mean": {
            "value": 13994.0,
            "min": 996.0,
            "max": 13994.0,
            "count": 14
        },
        "Crawler.Step.sum": {
            "value": 13994.0,
            "min": 996.0,
            "max": 13994.0,
            "count": 14
        },
        "Crawler.Policy.ExtrinsicValueEstimate.mean": {
            "value": -0.7330011129379272,
            "min": -0.7357456684112549,
            "max": 0.3979692757129669,
            "count": 14
        },
        "Crawler.Policy.ExtrinsicValueEstimate.sum": {
            "value": -125.34318542480469,
            "min": -125.34318542480469,
            "max": 68.45071411132812,
            "count": 14
        },
        "Crawler.Environment.CumulativeReward.mean": {
            "value": -0.9965685093612001,
            "min": -0.9967006853846616,
            "max": -0.9909135733926019,
            "count": 14
        },
        "Crawler.Environment.CumulativeReward.sum": {
            "value": -170.41321510076523,
            "min": -172.4118070602417,
            "max": -169.02894353866577,
            "count": 14
        },
        "Crawler.Policy.ExtrinsicReward.mean": {
            "value": -0.9965685093612001,
            "min": -0.9967006853846616,
            "max": -0.9909135733926019,
            "count": 14
        },
        "Crawler.Policy.ExtrinsicReward.sum": {
            "value": -170.41321510076523,
            "min": -172.4118070602417,
            "max": -169.02894353866577,
            "count": 14
        },
        "Crawler.IsTraining.mean": {
            "value": 1.0,
            "min": 1.0,
            "max": 1.0,
            "count": 14
        },
        "Crawler.IsTraining.sum": {
            "value": 1.0,
            "min": 1.0,
            "max": 1.0,
            "count": 14
        },
        "Worm.Environment.CumulativeReward.mean": {
            "value": 10.359001249074936,
            "min": 7.547751396894455,
            "max": 10.937109857797623,
            "count": 13
        },
        "Worm.Environment.CumulativeReward.sum": {
            "value": 10.359001249074936,
            "min": 7.547751396894455,
            "max": 10.937109857797623,
            "count": 13
        },
        "Worm.Policy.ExtrinsicReward.mean": {
            "value": 10.359001249074936,
            "min": 7.547751396894455,
            "max": 10.937109857797623,
            "count": 13
        },
        "Worm.Policy.ExtrinsicReward.sum": {
            "value": 10.359001249074936,
            "min": 7.547751396894455,
            "max": 10.937109857797623,
            "count": 13
        },
        "Worm.Losses.PolicyLoss.mean": {
            "value": 0.030137961319026848,
            "min": 0.030137961319026848,
            "max": 0.030137961319026848,
            "count": 1
        },
        "Worm.Losses.PolicyLoss.sum": {
            "value": 0.030137961319026848,
            "min": 0.030137961319026848,
            "max": 0.030137961319026848,
            "count": 1
        },
        "Worm.Losses.ValueLoss.mean": {
            "value": 0.10122622661292553,
            "min": 0.10122622661292553,
            "max": 0.10122622661292553,
            "count": 1
        },
        "Worm.Losses.ValueLoss.sum": {
            "value": 0.10122622661292553,
            "min": 0.10122622661292553,
            "max": 0.10122622661292553,
            "count": 1
        },
        "Worm.Policy.LearningRate.mean": {
            "value": 0.00029384640205119995,
            "min": 0.00029384640205119995,
            "max": 0.00029384640205119995,
            "count": 1
        },
        "Worm.Policy.LearningRate.sum": {
            "value": 0.00029384640205119995,
            "min": 0.00029384640205119995,
            "max": 0.00029384640205119995,
            "count": 1
        },
        "Worm.Policy.Epsilon.mean": {
            "value": 0.19794879999999995,
            "min": 0.19794879999999995,
            "max": 0.19794879999999995,
            "count": 1
        },
        "Worm.Policy.Epsilon.sum": {
            "value": 0.19794879999999995,
            "min": 0.19794879999999995,
            "max": 0.19794879999999995,
            "count": 1
        },
        "Worm.Policy.Beta.mean": {
            "value": 0.004897645119999999,
            "min": 0.004897645119999999,
            "max": 0.004897645119999999,
            "count": 1
        },
        "Worm.Policy.Beta.sum": {
            "value": 0.004897645119999999,
            "min": 0.004897645119999999,
            "max": 0.004897645119999999,
            "count": 1
        },
        "Crawler.Losses.PolicyLoss.mean": {
            "value": 0.02224679437931627,
            "min": 0.02224679437931627,
            "max": 0.02224679437931627,
            "count": 1
        },
        "Crawler.Losses.PolicyLoss.sum": {
            "value": 0.02224679437931627,
            "min": 0.02224679437931627,
            "max": 0.02224679437931627,
            "count": 1
        },
        "Crawler.Losses.ValueLoss.mean": {
            "value": 0.2069076129545768,
            "min": 0.2069076129545768,
            "max": 0.2069076129545768,
            "count": 1
        },
        "Crawler.Losses.ValueLoss.sum": {
            "value": 0.2069076129545768,
            "min": 0.2069076129545768,
            "max": 0.2069076129545768,
            "count": 1
        },