{
    "name": "root",
    "gauges": {
        "Worm.Policy.Entropy.mean": {
            "value": 0.8877495527267456,
            "min": 0.8877495527267456,
            "max": 1.0063716173171997,
            "count": 427
        },
        "Worm.Policy.Entropy.sum": {
            "value": 887.7495727539062,
            "min": 644.0778198242188,
            "max": 1006.37158203125,
            "count": 427
        },
        "Worm.Step.mean": {
            "value": 2085944.0,
            "min": 1659944.0,
            "max": 2085944.0,
            "count": 427
        },
        "Worm.Step.sum": {
            "value": 2085944.0,
            "min": 1659944.0,
            "max": 2085944.0,
            "count": 427
        },
        "Worm.Policy.ExtrinsicValueEstimate.mean": {
            "value": 115.0389404296875,
            "min": 96.98341369628906,
            "max": 117.32858276367188,
            "count": 427
        },
        "Worm.Policy.ExtrinsicValueEstimate.sum": {
            "value": 1840.623046875,
            "min": 890.720458984375,
            "max": 1877.25732421875,
            "count": 427
        },
        "Worm.IsTraining.mean": {
            "value": 1.0,
            "min": 1.0,
            "max": 1.0,
            "count": 427
        },
        "Worm.IsTraining.sum": {
            "value": 1.0,
            "min": 1.0,
            "max": 1.0,
            "count": 427
        },
        "Crawler.Policy.Entropy.mean": {
            "value": 1.3836134672164917,
            "min": 1.3833996057510376,
            "max": 1.398252010345459,
            "count": 427
        },
        "Crawler.Policy.Entropy.sum": {
            "value": 1340.721435546875,
            "min": 894.4884643554688,
            "max": 1477.21630859375,
            "count": 427
        },
        "Crawler.Step.mean": {
            "value": 2085997.0,
            "min": 1659967.0,
            "max": 2085997.0,
            "count": 427
        },
        "Crawler.Step.sum": {
            "value": 2085997.0,
            "min": 1659967.0,
            "max": 2085997.0,
            "count": 427
        },
        "Crawler.Policy.ExtrinsicValueEstimate.mean": {
            "value": 41.510223388671875,
            "min": -11.624489784240723,
            "max": 187.83651733398438,
            "count": 427
        },
        "Crawler.Policy.ExtrinsicValueEstimate.sum": {
            "value": 664.16357421875,
            "min": -185.99183654785156,
            "max": 3005.38427734375,
            "count": 427
        },
        "Crawler.IsTraining.mean": {
            "value": 1.0,
            "min": 1.0,
            "max": 1.0,
            "count": 427
        },
        "Crawler.IsTraining.sum": {
            "value": 1.0,
            "min": 1.0,
            "max": 1.0,
            "count": 427
        },
        "Worm.Environment.EpisodeLength.mean": {
            "value": 999.0,
            "min": 999.0,
            "max": 999.0,
            "count": 426
        },
        "Worm.Environment.EpisodeLength.sum": {
            "value": 999.0,
            "min": 999.0,
            "max": 999.0,
            "count": 426
        },
        "Worm.Environment.CumulativeReward.mean": {
            "value": 1157.590518951416,
            "min": 720.3311767578125,
            "max": 1255.2459259033203,
            "count": 426
        },
        "Worm.Environment.CumulativeReward.sum": {
            "value": 1157.590518951416,
            "min": 720.3311767578125,
            "max": 1255.2459259033203,
            "count": 426
        },
        "Worm.Policy.ExtrinsicReward.mean": {
            "value": 1157.590518951416,
            "min": 720.3311767578125,
            "max": 1255.2459259033203,
            "count": 426
        },
        "Worm.Policy.ExtrinsicReward.sum": {
            "value": 1157.590518951416,
            "min": 720.3311767578125,
            "max": 1255.2459259033203,
            "count": 426
        },
        "Crawler.Environment.EpisodeLength.mean": {
            "value": 835.5,
            "min": 46.0,
            "max": 999.0,
            "count": 425
        },
        "Crawler.Environment.EpisodeLength.sum": {
            "value": 1671.0,
            "min": 46.0,
            "max": 1957.0,
            "count": 425
        },
        "Crawler.Environment.CumulativeReward.mean": {
            "value": 1232.495252609253,
            "min": -0.7302915453910828,
            "max": 2617.709728240967,
            "count": 426
        },
        "Crawler.Environment.CumulativeReward.sum": {
            "value": 1232.495252609253,
            "min": -0.7302915453910828,
            "max": 3403.2905845046043,
            "count": 426
        },
        "Crawler.Policy.ExtrinsicReward.mean": {
            "value": 1232.495252609253,
            "min": -0.7302915453910828,
            "max": 2617.709728240967,
            "count": 426
        },
        "Crawler.Policy.ExtrinsicReward.sum": {
            "value": 1232.495252609253,
            "min": -0.7302915453910828,
            "max": 3403.2905845046043,
            "count": 426
        },
        "Worm.Losses.PolicyLoss.mean": {
            "value": 0.021611521014710887,
            "min": 0.01667369078665312,
            "max": 0.02899869000733209,
            "count": 41
        },
        "Worm.Losses.PolicyLoss.sum": {
            "value": 0.021611521014710887,
            "min": 0.01667369078665312,
            "max": 0.02899869000733209,
            "count": 41
        },
        "Worm.Losses.ValueLoss.mean": {
            "value": 4.884744119644165,
            "min": 4.884744119644165,
            "max": 13.977815659840902,
            "count": 41
        },
        "Worm.Losses.ValueLoss.sum": {
            "value": 4.884744119644165,
            "min": 4.884744119644165,
            "max": 13.977815659840902,
            "count": 41
        },
        "Worm.Policy.LearningRate.mean": {
            "value": 0.00029375921008026394,
            "min": 0.00029375921008026394,
            "max": 0.0002949911296696239,
            "count": 41
        },
        "Worm.Policy.LearningRate.sum": {
            "value": 0.00029375921008026394,
            "min": 0.00029375921008026394,
            "max": 0.0002949911296696239,
            "count": 41
        },
        "Worm.Policy.Epsilon.mean": {
            "value": 0.19791973600000007,
            "min": 0.19791973600000007,
            "max": 0.19833037600000006,
            "count": 41
        },
        "Worm.Policy.Epsilon.sum": {
            "value": 0.19791973600000007,
            "min": 0.19791973600000007,
            "max": 0.19833037600000006,
            "count": 41
        },
        "Worm.Policy.Beta.mean": {
            "value": 0.004896194826399999,
            "min": 0.004896194826399999,
            "max": 0.0049166857624,
            "count": 41
        },
        "Worm.Policy.Beta.sum": {
            "value": 0.004896194826399999,
            "min": 0.004896194826399999,
            "max": 0.0049166857624,
            "count": 41
        },
        "Crawler.Losses.PolicyLoss.mean": {
            "value": 0.021254474956852693,
            "min": 0.015948536103436103,
            "max": 0.03273950097306321,
            "count": 41
        },
        "Crawler.Losses.PolicyLoss.sum": {
            "value": 0.021254474956852693,
            "min": 0.015948536103436103,
            "max": 0.03273950097306321,
            "count": 41
        },
        "Crawler.Losses.ValueLoss.mean": {
            "value": 339.74708048502606,
            "min": 144.7722511291504,
            "max": 372.76433715820315,
            "count": 41
        },
        "Crawler.Losses.ValueLoss.sum": {
            "value": 339.74708048502606,
            "min": 144.7722511291504,
            "max": 372.76433715820315,
            "count": 41
        },
        "Crawler.Policy.LearningRate.mean": {
            "value": 0.0002937581330806229,