{
    "name": "root",
    "gauges": {
        "Crawler.Policy.Entropy.mean": {
            "value": 1.3533800840377808,
            "min": 1.3533799648284912,
            "max": 1.3758621215820312,
            "count": 149
        },
        "Crawler.Policy.Entropy.sum": {
            "value": 1360.14697265625,
            "min": 839.27587890625,
            "max": 1424.172119140625,
            "count": 149
        },
        "Crawler.Environment.EpisodeLength.mean": {
            "value": 37.65384615384615,
            "min": 37.34615384615385,
            "max": 43.72727272727273,
            "count": 149
        },
        "Crawler.Environment.EpisodeLength.sum": {
            "value": 979.0,
            "min": 596.0,
            "max": 1014.0,
            "count": 149
        },
        "Crawler.Step.mean": {
            "value": 932996.0,
            "min": 784964.0,
            "max": 932996.0,
            "count": 149
        },
        "Crawler.Step.sum": {
            "value": 932996.0,
            "min": 784964.0,
            "max": 932996.0,
            "count": 149
        },
        "Crawler.Policy.ExtrinsicValueEstimate.mean": {
            "value": 43.23497772216797,
            "min": 41.436302185058594,
            "max": 43.331016540527344,
            "count": 149
        },
        "Crawler.Policy.ExtrinsicValueEstimate.sum": {
            "value": 1124.109375,
            "min": 541.425048828125,
            "max": 1125.1153564453125,
            "count": 149
        },
        "Crawler.Environment.CumulativeReward.mean": {
            "value": 53.338823318481445,
            "min": 53.104943389892576,
            "max": 53.39138946533203,
            "count": 149
        },
        "Crawler.Environment.CumulativeReward.sum": {
            "value": 1386.8094062805176,
            "min": 692.5367240905762,
            "max": 1386.8094062805176,
            "count": 149
        },
        "Crawler.Policy.ExtrinsicReward.mean": {
            "value": 53.338823318481445,
            "min": 53.104943389892576,
            "max": 53.39138946533203,
            "count": 149
        },
        "Crawler.Policy.ExtrinsicReward.sum": {
            "value": 1386.8094062805176,
            "min": 692.5367240905762,
            "max": 1386.8094062805176,
            "count": 149
        },
        "Crawler.IsTraining.mean": {
            "value": 1.0,
            "min": 1.0,
            "max": 1.0,
            "count": 149
        },
        "Crawler.IsTraining.sum": {
            "value": 1.0,
            "min": 1.0,
            "max": 1.0,
            "count": 149
        },
        "Crawler.Losses.PolicyLoss.mean": {
            "value": 0.021316355544452867,
            "min": 0.018126628753573945,
            "max": 0.02622875231318176,
            "count": 14
        },
        "Crawler.Losses.PolicyLoss.sum": {
            "value": 0.021316355544452867,
            "min": 0.018126628753573945,
            "max": 0.02622875231318176,
            "count": 14
        },
        "Crawler.Losses.ValueLoss.mean": {
            "value": 0.28736945589383445,
            "min": 0.2741638491551081,
            "max": 0.5396354496479034,
            "count": 14
        },
        "Crawler.Losses.ValueLoss.sum": {
            "value": 0.28736945589383445,
            "min": 0.2741638491551081,
            "max": 0.5396354496479034,
            "count": 14
        },
        "Crawler.Policy.LearningRate.mean": {
            "value": 0.00027215676928108,
            "min": 0.00027215676928108,
            "max": 0.00027615960794680005,
            "count": 14
        },
        "Crawler.Policy.LearningRate.sum": {
            "value": 0.00027215676928108,
            "min": 0.00027215676928108,
            "max": 0.00027615960794680005,
            "count": 14
        },
        "Crawler.Policy.Epsilon.mean": {
            "value": 0.19071892000000004,
            "min": 0.19071892000000004,
            "max": 0.19205320000000003,
            "count": 14
        },
        "Crawler.Policy.Epsilon.sum": {
            "value": 0.19071892000000004,
            "min": 0.19071892000000004,
            "max": 0.19205320000000003,
            "count": 14
        },
        "Crawler.Policy.Beta.mean": {
            "value": 0.0045368741079999985,
            "min": 0.0045368741079999985,
            "max": 0.004603454679999999,
            "count": 14
        },
        "Crawler.Policy.Beta.sum": {
            "value": 0.0045368741079999985,
            "min": 0.0045368741079999985,
            "max": 0.004603454679999999,
            "count": 14
        }
    },
    "metadata": {
        "timer_format_version": "0.1.0",
        "start_time_seconds": "1767023640",
        "python_version": "3.10.12 | packaged by Anaconda, Inc. | (main, Jul  5 2023, 19:01:18) [MSC v.1916 64 bit (AMD64)]",
        "command_line_arguments": "C:\\Users\\dekum\\miniconda3\\envs\\mlagents\\Scripts\\mlagents-learn config/soloCrawler.yaml --run-id=soloCrawler --no-graphics --env=C:\\Users\\dekum\\OneDrive\\Escritorio\\Trabajo\\Proyecto_RL\\builds\\build_V1\\My project.exe --torch-device cuda --resume",
        "mlagents_version": "1.2.0.dev0",
        "mlagents_envs_version": "1.2.0.dev0",
        "communication_protocol_version": "1.5.0",
        "pytorch_version": "2.5.1+cu121",
        "numpy_version": "1.23.5",
        "end_time_seconds": "1767024441"
    },
    "total": 801.6148465999868,
    "count": 1,
    "self": 0.12116430001333356,
    "children": {
        "run_training.setup": {
            "total": 0.09730379999382421,
            "count": 1,
            "self": 0.09730379999382421
        },
        "TrainerController.start_learning": {
            "total": 801.3963784999796,
            "count": 1,
            "self": 1.826056205900386,
            "children": {
                "TrainerController._reset_env": {
                    "total": 4.722452600020915,
                    "count": 1,
                    "self": 4.722452600020915
                },
                "TrainerController.advance": {
                    "total": 794.7535142941051,
                    "count": 151964,
                    "self": 1.7628442961722612,
                    "children": {
                        "env_step": {
                            "total": 747.4118880148162,
                            "count": 151964,
                            "self": 358.1503181200824,
                            "children": {
                                "SubprocessEnvManager._take_step": {
                                    "total": 388.0670079868869,
                                    "count": 151964,
                                    "self": 5.450122978596482,
                                    "children": {
                                        "TorchPolicy.evaluate": {
                                            "total": 382.6168850082904,
                                            "count": 148794,
                                            "self": 382.6168850082904
                                        }
                                    }
                                },
                                "workers": {
                                    "total": 1.1945619078469463,
                                    "count": 151963,
                                    "self": 0.0,
                                    "children": {
                                        "worker_root": {
                                            "total": 794.9680057857768,
                                            "count": 151963,
                                            "is_parallel": true,
                                            "self": 543.2075780987507,
                                            "children": {
                                                "steps_from_proto": {
                                                    "total": 0.0002710000262595713,